sleep_date,n_weather_records_night,weather_hours_night,first_weather_datetime_night,last_weather_datetime_night,n_temperature_records_night,temperature_mean_night,temperature_median_night,temperature_min_night,temperature_max_night,n_rh_records_night,rh_mean_night,rh_median_night,rh_min_night,rh_max_night,n_twb_records_night,twb_mean_night,twb_median_night,twb_min_night,twb_max_night,nocturnal_weather_qc
2025-05-31,8,"0, 1, 2, 3, 4, 5, 6, 7",2025-06-01T06:00:00Z,2025-06-01T13:00:00Z,8,18.78625,18.369999999999997,18.09,20.5,8,88.44875,90.05000000000001,79.39,94.2,8,17.377049231022283,17.294700415562126,17.10351695047191,17.932636577491174,sufficient
2025-06-01,9,"0, 1, 2, 3, 4, 5, 6, 7, 23",2025-06-02T05:00:00Z,2025-06-02T13:00:00Z,9,19.56888888888889,19.25,18.69,21.85,9,89.5,90.6,79.1,94.5,9,18.272957315928252,18.13238580513757,17.571651356214915,19.188994964530156,sufficient
2025-06-02,9,"0, 1, 2, 3, 4, 5, 6, 7, 23",2025-06-03T05:00:00Z,2025-06-03T13:00:00Z,9,18.226666666666667,18.09,17.29,19.92,9,93.15555555555555,95.1,83,96.5,9,17.39688251921081,17.306428961476254,16.465311531048574,18.44744913535534,sufficient
2025-06-03,9,"0, 1, 2, 3, 4, 5, 6, 7, 23",2025-06-04T05:00:00Z,2025-06-04T13:00:00Z,9,18.65222222222222,18.72,17.83,19.86,9,92.53333333333333,93.8,85.6,95.7,9,17.74572862304233,18.038371535609475,17.08687228634657,18.274611525030924,sufficient
2025-06-04,9,"0, 1, 2, 3, 4, 5, 6, 7, 23",2025-06-05T05:00:00Z,2025-06-05T13:00:00Z,9,18.88111111111111,18.9,18.47,19.47,9,96.33333333333333,96.9,94,97.3,9,18.436433821406883,18.50251709036906,18.142798956738453,18.738642507279597,sufficient
2025-06-05,9,"0, 1, 2, 3, 4, 5, 6, 7, 23",2025-06-06T05:00:00Z,2025-06-06T13:00:00Z,9,19.426666666666666,19.19,18.76,20.96,9,87.85555555555555,87.3,79.2,94.8,9,17.93498448769378,17.93695403015944,17.552502436892848,18.34939043857898,sufficient
2025-06-06,9,"0, 1, 2, 3, 4, 5, 6, 7, 23",2025-06-07T05:00:00Z,2025-06-07T13:00:00Z,9,19.965555555555557,20.05,19.26,20.39,9,88.23333333333333,87.9,85.9,90.7,9,18.515668152131898,18.632132243318317,18.004191032021662,18.78389471404842,sufficient
2025-06-07,9,"0, 1, 2, 3, 4, 5, 6, 7, 23",2025-06-08T05:00:00Z,2025-06-08T13:00:00Z,9,20.11777777777778,19.97,19.44,20.97,9,84.08888888888889,84.4,81,86.1,9,18.150195454886607,17.860431458033467,17.64918702490546,19.005191869996683,sufficient
2025-06-08,9,"0, 1, 2, 3, 4, 5, 6, 7, 23",2025-06-09T05:00:00Z,2025-06-09T13:00:00Z,9,19.433333333333334,19.43,18.68,20.62,9,88.87777777777778,88.3,84.1,92.6,9,18.071606712508764,18.056306336650437,17.529045515936808,18.640163500888992,sufficient
2025-06-09,9,"0, 1, 2, 3, 4, 5, 6, 7, 23",2025-06-10T05:00:00Z,2025-06-10T13:00:00Z,9,18.83,18.79,18.06,19.78,9,90.11111111111111,93.4,80.2,95,9,17.62755899348304,17.342803080705174,16.9742747707089,18.971069168023913,sufficient
2025-06-10,9,"0, 1, 2, 3, 4, 5, 6, 7, 23",2025-06-11T05:00:00Z,2025-06-11T13:00:00Z,9,18.86111111111111,18.7,18.25,19.61,9,82.44777777777779,82.2,78.7,85.9,9,16.730301294121873,16.76441386948812,16.351460645284686,17.096903896456148,sufficient
2025-06-11,9,"0, 1, 2, 3, 4, 5, 6, 7, 23",2025-06-12T05:00:00Z,2025-06-12T13:00:00Z,9,19.066666666666666,18.99,18.18,20.54,9,89.02222222222223,87.4,79.9,96.8,9,17.727842122583493,17.595957523813023,16.77369623239733,18.63707866838389,sufficient
2025-06-12,9,"0, 1, 2, 3, 4, 5, 6, 7, 23",2025-06-13T05:00:00Z,2025-06-13T13:00:00Z,9,18.75,18.65,18.45,19.17,9,96.58888888888889,96.8,93.7,97.6,9,18.33679847247043,18.178691224448702,18.07239251915029,18.880458599001255,sufficient
2025-06-13,9,"0, 1, 2, 3, 4, 5, 6, 7, 23",2025-06-14T05:00:00Z,2025-06-14T13:00:00Z,9,18.607777777777777,18.58,18.44,19,9,96.88888888888889,97.1,95,97.8,9,18.23089481071182,18.30138194035968,17.97788993826482,18.467505260711754,sufficient
2025-06-14,9,"0, 1, 2, 3, 4, 5, 6, 7, 23",2025-06-15T05:00:00Z,2025-06-15T13:00:00Z,9,19.15888888888889,19.11,18.54,20.43,9,92.88888888888889,93.7,86.4,96.9,9,18.289737798350654,18.283204978431996,18.031518436127577,18.743404782136892,sufficient
2025-06-15,9,"0, 1, 2, 3, 4, 5, 6, 7, 23",2025-06-16T05:00:00Z,2025-06-16T13:00:00Z,9,18.587777777777777,18.65,18.15,18.96,9,94.95555555555556,96.8,89.4,98,9,17.977303809562624,18.186612024735457,17.174837362232818,18.588431565588305,sufficient
2025-06-16,9,"0, 1, 2, 3, 4, 5, 6, 7, 23",2025-06-17T05:00:00Z,2025-06-17T13:00:00Z,9,18.59,18.43,18.11,19.6,9,91.83333333333333,93,83.3,95.9,9,17.597968643140618,17.55164478703848,17.210803311348727,17.929247323167257,sufficient
2025-06-17,9,"0, 1, 2, 3, 4, 5, 6, 7, 23",2025-06-18T05:00:00Z,2025-06-18T13:00:00Z,9,19.09888888888889,19.19,17.89,20.34,9,85.49,85.9,76.81,89,9,17.327682646274546,17.45570904044379,16.519167028864807,18.20026997167314,sufficient
2025-06-18,9,"0, 1, 2, 3, 4, 5, 6, 7, 23",2025-06-19T05:00:00Z,2025-06-19T13:00:00Z,9,19.953333333333333,19.64,19.19,21.28,9,83.99,85.1,79.41,87.4,9,17.974468016220847,17.969337133372825,17.59119922332744,18.682761118890497,sufficient
2025-06-19,9,"0, 1, 2, 3, 4, 5, 6, 7, 23",2025-06-20T05:00:00Z,2025-06-20T13:00:00Z,9,20.642222222222223,20.79,19.81,21.47,9,84.96666666666667,85,81.4,88.2,9,18.76867216618013,18.784752528059666,18.360333291164984,19.217764777015436,sufficient
2025-06-20,9,"0, 1, 2, 3, 4, 5, 6, 7, 23",2025-06-21T05:00:00Z,2025-06-21T13:00:00Z,9,19.933333333333334,19.73,19.04,21.47,9,87.13333333333333,88,81.1,90,9,18.343908608217397,18.208204361803293,17.811981581899282,19.081504261220914,sufficient
2025-06-21,9,"0, 1, 2, 3, 4, 5, 6, 7, 23",2025-06-22T05:00:00Z,2025-06-22T13:00:00Z,9,19.65,19.65,19.33,19.97,9,93.71111111111111,93.8,90.6,96,9,18.881444625594305,18.871522767914445,18.710278318863594,19.061874435064723,sufficient
2025-06-22,9,"0, 1, 2, 3, 4, 5, 6, 7, 23",2025-06-23T05:00:00Z,2025-06-23T13:00:00Z,9,18.362222222222222,18.35,18.1,18.89,9,97.24444444444444,97.4,95.7,97.6,9,18.02795313052819,18.034692364030857,17.796301535745304,18.36869713049479,sufficient
2025-06-23,9,"0, 1, 2, 3, 4, 5, 6, 7, 23",2025-06-24T05:00:00Z,2025-06-24T13:00:00Z,9,19.144444444444446,19.13,18.63,20.05,9,88.36666666666666,88.8,84.1,90.3,9,17.726409166314646,17.669065112874282,17.384087740648877,18.086886461013595,sufficient
2025-06-24,9,"0, 1, 2, 3, 4, 5, 6, 7, 23",2025-06-25T05:00:00Z,2025-06-25T13:00:00Z,9,18.742222222222225,18.64,18.28,19.41,9,93.31111111111112,93.5,88.3,96.9,9,17.93030423492542,18.04031502089286,17.495551095122295,18.56256222341216,sufficient
2025-06-25,9,"0, 1, 2, 3, 4, 5, 6, 7, 23",2025-06-26T05:00:00Z,2025-06-26T13:00:00Z,9,18.754444444444445,18.71,18.11,19.53,9,90.08888888888889,91,83.9,95.8,9,17.54993049091446,17.56985540856702,17.10854388282483,17.882682178844075,sufficient
2025-06-26,9,"0, 1, 2, 3, 4, 5, 6, 7, 23",2025-06-27T05:00:00Z,2025-06-27T13:00:00Z,9,18.333333333333332,18.49,17.02,19.5,9,90.21111111111111,88.3,83.3,96.1,9,17.146885982329305,17.084476242331185,16.502626877408733,18.00576394133435,sufficient
2025-06-27,9,"0, 1, 2, 3, 4, 5, 6, 7, 23",2025-06-28T05:00:00Z,2025-06-28T13:00:00Z,9,19.256666666666668,19.52,18.53,19.83,9,88.13333333333334,87,84.7,91.7,9,17.806617947738225,17.904020356223796,17.44012668097823,18.037850673059577,sufficient
2025-06-28,9,"0, 1, 2, 3, 4, 5, 6, 7, 23",2025-06-29T05:00:00Z,2025-06-29T13:00:00Z,9,19.613333333333333,19.72,18.47,21,9,87.54444444444445,88.3,80.4,89.9,9,18.082943715771954,18.21515262013056,17.190503982940793,18.559065721349473,sufficient
2025-06-29,9,"0, 1, 2, 3, 4, 5, 6, 7, 23",2025-06-30T05:00:00Z,2025-06-30T13:00:00Z,9,19.025555555555556,18.89,18.55,19.56,9,87.24444444444444,88.1,84.1,89.9,9,17.47379031847476,17.50242988040973,16.9061210681713,18.164303021053303,sufficient
2025-06-30,9,"0, 1, 2, 3, 4, 5, 6, 7, 23",2025-07-01T05:00:00Z,2025-07-01T13:00:00Z,9,20.002222222222223,20.34,19.16,20.84,9,85.92222222222222,85.7,83.9,89.2,9,18.263892206639518,18.368378359590896,17.60093881169572,18.853708873227422,sufficient
2025-07-01,9,"0, 1, 2, 3, 4, 5, 6, 7, 23",2025-07-02T05:00:00Z,2025-07-02T13:00:00Z,9,19.121111111111112,19.17,18.61,19.57,9,92.44444444444444,93.5,86.1,95.4,9,18.201526730796566,18.161849758927346,17.534758763196756,18.69186821724168,sufficient
2025-07-02,9,"0, 1, 2, 3, 4, 5, 6, 7, 23",2025-07-03T05:00:00Z,2025-07-03T13:00:00Z,9,18.414444444444445,18.19,17.25,19.76,9,85.9888888888889,85.7,83,88.3,9,16.723821840744108,16.6235915820213,15.861389942187735,17.669581591052815,sufficient
2025-07-03,9,"0, 1, 2, 3, 4, 5, 6, 7, 23",2025-07-04T05:00:00Z,2025-07-04T13:00:00Z,9,18.23777777777778,18.45,17.62,18.72,9,84.32222222222222,84.4,81.8,85.9,9,16.354185620393586,16.402210979718593,15.863619868613693,17.013387456503043,sufficient
2025-07-04,9,"0, 1, 2, 3, 4, 5, 6, 7, 23",2025-07-05T05:00:00Z,2025-07-05T13:00:00Z,9,18.83111111111111,18.56,18.12,20.02,9,86.1,86.2,81,90.4,9,17.143276809741337,17.082722955232274,16.48069173018629,17.80781571065966,sufficient
2025-07-05,9,"0, 1, 2, 3, 4, 5, 6, 7, 23",2025-07-06T05:00:00Z,2025-07-06T13:00:00Z,9,18.72111111111111,18.76,18.1,19.43,9,95.23333333333333,96.6,85.3,97.6,9,18.142248128243082,18.263238285894992,17.472493782492084,18.526857277725743,sufficient
2025-07-06,9,"0, 1, 2, 3, 4, 5, 6, 7, 23",2025-07-07T05:00:00Z,2025-07-07T13:00:00Z,9,18.788888888888888,18.95,18.02,19.31,9,87.02222222222223,85.8,84.9,90.5,9,17.214489891939433,17.20125315585156,16.879106254174676,17.55699872194032,sufficient
2025-07-07,9,"0, 1, 2, 3, 4, 5, 6, 7, 23",2025-07-08T05:00:00Z,2025-07-08T13:00:00Z,9,19.473333333333333,19.49,18.58,20.76,9,82.02444444444444,82.4,76.02,84.7,9,17.26878862903362,17.27315126768263,16.732294024841092,17.81773484722114,sufficient
2025-07-08,9,"0, 1, 2, 3, 4, 5, 6, 7, 23",2025-07-09T05:00:00Z,2025-07-09T13:00:00Z,9,18.432222222222222,18.38,17.63,19.22,9,83.40222222222222,83.6,79.62,86.6,9,16.43028261635794,16.350359572498174,15.934161403546202,17.024804994095522,sufficient
2025-07-09,9,"0, 1, 2, 3, 4, 5, 6, 7, 23",2025-07-10T05:00:00Z,2025-07-10T13:00:00Z,9,19.702222222222222,19.55,19.28,20.31,9,84.51777777777778,85.9,79.08,87.8,9,17.798412082606543,17.791661430614386,17.49147538272694,18.326775240923407,sufficient
2025-07-10,9,"0, 1, 2, 3, 4, 5, 6, 7, 23",2025-07-11T05:00:00Z,2025-07-11T13:00:00Z,9,19.425555555555555,19.41,18.91,19.91,9,87.73333333333333,88.7,80.3,95.3,9,17.924551668517427,17.85997985271397,16.999660105611465,18.667819274731773,sufficient
2025-07-11,9,"0, 1, 2, 3, 4, 5, 6, 7, 23",2025-07-12T05:00:00Z,2025-07-12T13:00:00Z,9,19.224444444444444,19.22,18.65,19.84,9,85.9888888888889,85.5,83.2,91.3,9,17.514545180759054,17.452137010345794,17.003151934401405,18.061398950880832,sufficient
2025-07-12,9,"0, 1, 2, 3, 4, 5, 6, 7, 23",2025-07-13T05:00:00Z,2025-07-13T13:00:00Z,9,18.805555555555557,18.8,17.75,19.53,9,85.53333333333333,85,83,90.5,9,17.04979892784013,16.88566003545099,16.459168807274196,17.634333736324262,sufficient
2025-07-13,9,"0, 1, 2, 3, 4, 5, 6, 7, 23",2025-07-14T05:00:00Z,2025-07-14T13:00:00Z,9,19.94,19.91,19.51,20.71,9,84.23333333333333,83.9,80.8,86.8,9,17.99543307361561,17.99413954817251,17.60347563206527,18.311831014834528,sufficient
2025-07-14,9,"0, 1, 2, 3, 4, 5, 6, 7, 23",2025-07-15T05:00:00Z,2025-07-15T13:00:00Z,9,19.703333333333333,19.72,19.24,20.35,9,80.25111111111111,79.34,78.44,82.2,9,17.274416152410655,17.337019087568688,16.979687839526257,17.679820919833194,sufficient
2025-07-15,9,"0, 1, 2, 3, 4, 5, 6, 7, 23",2025-07-16T05:00:00Z,2025-07-16T13:00:00Z,9,17.464444444444446,17.74,15.84,19.11,9,80.68,79.69,75.08,85.7,9,15.164158410743813,15.322875439152916,14.182206175533118,16.411284701495585,sufficient
2025-07-16,9,"0, 1, 2, 3, 4, 5, 6, 7, 23",2025-07-17T05:00:00Z,2025-07-17T13:00:00Z,9,19.736666666666668,19.53,18.97,20.47,9,84.43444444444444,85.2,77.11,86.6,9,17.821808988918164,17.720501630861985,17.123585231436554,18.532131626564126,sufficient
2025-07-17,9,"0, 1, 2, 3, 4, 5, 6, 7, 23",2025-07-18T05:00:00Z,2025-07-18T13:00:00Z,9,20.78,20.65,20.3,21.58,9,83.86666666666666,83.7,81.3,86.7,9,18.76458416563707,18.761367068462103,18.264350308897743,19.367018937950277,sufficient
2025-07-18,9,"0, 1, 2, 3, 4, 5, 6, 7, 23",2025-07-19T05:00:00Z,2025-07-19T13:00:00Z,9,20.435555555555556,20.4,20.01,21.19,9,82.93444444444444,84.2,75.2,87,9,18.31271550715446,18.407718687838724,17.484428748934516,18.74776863285055,sufficient
2025-07-19,9,"0, 1, 2, 3, 4, 5, 6, 7, 23",2025-07-20T05:00:00Z,2025-07-20T13:00:00Z,9,20.196666666666665,20.21,19.61,21.07,9,81.02666666666667,81.8,76.89,83.7,9,17.844018955396262,17.717858844685903,17.51209004973765,18.273884647646707,sufficient
2025-07-20,9,"0, 1, 2, 3, 4, 5, 6, 7, 23",2025-07-21T05:00:00Z,2025-07-21T13:00:00Z,9,19.407777777777778,19.51,18.55,20.02,9,81.82111111111111,82.6,78.39,86.1,9,17.18116266948597,17.115668658794526,16.871694440526255,17.472593699110718,sufficient
2025-07-21,9,"0, 1, 2, 3, 4, 5, 6, 7, 23",2025-07-22T05:00:00Z,2025-07-22T13:00:00Z,9,18.862222222222222,19.01,17.99,19.46,9,89.12222222222222,89,86,92,9,17.540836831286992,17.592619437345544,17.028468827141264,17.86587406171601,sufficient
2025-07-22,9,"0, 1, 2, 3, 4, 5, 6, 7, 23",2025-07-23T05:00:00Z,2025-07-23T13:00:00Z,9,19.15111111111111,19.16,18.17,19.52,9,84.35333333333334,83.6,78.48,91.3,9,17.242695154329667,17.152886125041242,16.804872326990267,17.975398074432086,sufficient
2025-07-23,9,"0, 1, 2, 3, 4, 5, 6, 7, 23",2025-07-24T05:00:00Z,2025-07-24T13:00:00Z,9,19.56,19.44,18.89,20.29,9,79.61,80.8,76.06,82.4,9,17.055345909998543,17.203258212548977,16.608795801580253,17.426953623181344,sufficient
2025-07-24,9,"0, 1, 2, 3, 4, 5, 6, 7, 23",2025-07-25T05:00:00Z,2025-07-25T13:00:00Z,9,19.534444444444443,19.63,18.81,20.37,9,82.26444444444445,82.2,76.37,88.6,9,17.359473807276917,17.481175709335574,16.535793839143825,18.301739240766057,sufficient
2025-07-25,9,"0, 1, 2, 3, 4, 5, 6, 7, 23",2025-07-26T05:00:00Z,2025-07-26T13:00:00Z,9,18.525555555555556,18.46,17.54,20,9,87.74444444444444,88.4,84.1,90.4,9,17.04350420009403,16.906611824575435,16.28758162130271,18.038353360041594,sufficient
2025-07-26,9,"0, 1, 2, 3, 4, 5, 6, 7, 23",2025-07-27T05:00:00Z,2025-07-27T13:00:00Z,9,18.886666666666667,19.18,17.83,19.54,9,91.22222222222223,90.7,86.5,95.7,9,17.821211785931787,18.075730170967013,16.8433131197088,18.668066251197583,sufficient
2025-07-27,9,"0, 1, 2, 3, 4, 5, 6, 7, 23",2025-07-28T05:00:00Z,2025-07-28T13:00:00Z,9,18.915555555555557,18.84,18.16,19.95,9,86.22222222222221,86.3,82.6,90.8,9,17.240317342189382,17.064830448276673,16.67126702453061,18.039385978627134,sufficient
2025-07-28,9,"0, 1, 2, 3, 4, 5, 6, 7, 23",2025-07-29T05:00:00Z,2025-07-29T13:00:00Z,9,19.91888888888889,19.95,19.52,20.27,9,87.82222222222222,87.9,85.4,90.3,9,18.419646746661673,18.38619733001558,18.191422544466032,18.72320397283014,sufficient
2025-07-29,9,"0, 1, 2, 3, 4, 5, 6, 7, 23",2025-07-30T05:00:00Z,2025-07-30T13:00:00Z,9,19.42888888888889,19.35,18.22,20.72,9,86.4888888888889,87.2,82.7,90.6,9,17.772654766060654,17.786820410241642,17.088317673487843,18.560950004911202,sufficient
2025-07-30,9,"0, 1, 2, 3, 4, 5, 6, 7, 23",2025-07-31T05:00:00Z,2025-07-31T13:00:00Z,9,19.767777777777777,19.8,19.28,20.62,9,82.27,82.5,79.09,85.2,9,17.58741522209519,17.4739225896686,16.98044314109143,18.71551885894245,sufficient
2025-07-31,9,"0, 1, 2, 3, 4, 5, 6, 7, 23",2025-08-01T05:00:00Z,2025-08-01T13:00:00Z,9,19.240000000000002,19.1,18.65,20.17,9,77.76,78.01,73.3,82.8,9,16.5208895368979,16.43587094881999,16.00242540832542,17.185084953130314,sufficient
2025-08-01,9,"0, 1, 2, 3, 4, 5, 6, 7, 23",2025-08-02T05:00:00Z,2025-08-02T13:00:00Z,9,19.114444444444445,19.01,18.57,20.13,9,83.95555555555555,84.2,81.4,87.3,9,17.159643991173596,17.118292904976844,16.740022604926757,17.977914485133585,sufficient
2025-08-02,9,"0, 1, 2, 3, 4, 5, 6, 7, 23",2025-08-03T05:00:00Z,2025-08-03T13:00:00Z,9,19.305555555555557,19.46,18.62,19.69,9,87.12222222222222,86.1,84.1,92.9,9,17.731592944773674,17.751083893707374,17.49494807593077,17.968020520157935,sufficient
2025-08-03,9,"0, 1, 2, 3, 4, 5, 6, 7, 23",2025-08-04T05:00:00Z,2025-08-04T13:00:00Z,9,17.743333333333332,17.58,17.13,18.57,9,88.22222222222221,87.6,85.6,92.3,9,16.33383859552762,16.232417763170155,16.048326446972297,16.83097793726608,sufficient
2025-08-04,9,"0, 1, 2, 3, 4, 5, 6, 7, 23",2025-08-05T05:00:00Z,2025-08-05T13:00:00Z,9,18.11777777777778,18.2,17.5,18.77,9,95.88888888888889,96.3,93.2,97,9,17.620699901178217,17.432480733143002,17.110848070409094,18.34605545937895,sufficient
2025-08-05,9,"0, 1, 2, 3, 4, 5, 6, 7, 23",2025-08-06T05:00:00Z,2025-08-06T13:00:00Z,9,18.551111111111112,18.1,17.67,19.79,9,85.07777777777778,85.6,80.4,89.7,9,16.744652246582064,16.679424710043623,16.214224973286726,17.45137590283143,sufficient
2025-08-06,9,"0, 1, 2, 3, 4, 5, 6, 7, 23",2025-08-07T05:00:00Z,2025-08-07T13:00:00Z,9,18.198888888888888,17.91,17.42,19.38,9,78.96777777777778,78.43,74.02,83.3,9,15.674910069291846,15.67713590121101,15.004926070572395,16.590304157966536,sufficient
2025-08-07,9,"0, 1, 2, 3, 4, 5, 6, 7, 23",2025-08-08T05:00:00Z,2025-08-08T13:00:00Z,9,18.243333333333332,18.11,17.83,19.67,9,83.00444444444445,83.2,79.24,86.1,9,16.199883840896774,16.145979505431583,15.835917968689511,17.118622682306224,sufficient
2025-08-08,9,"0, 1, 2, 3, 4, 5, 6, 7, 23",2025-08-09T05:00:00Z,2025-08-09T13:00:00Z,9,18.72,18.48,17.82,20.24,9,84.14888888888889,85.7,73.98,88.8,9,16.803478267096686,16.740854615619064,15.396058280475131,18.470696453954428,sufficient
2025-08-09,9,"0, 1, 2, 3, 4, 5, 6, 7, 23",2025-08-10T05:00:00Z,2025-08-10T13:00:00Z,9,18.51,18.3,18.1,19.14,9,84.17777777777778,84.4,79.4,88.3,9,16.599416127438296,16.472063379698728,16.23590728586381,17.108072411189713,sufficient
2025-08-10,9,"0, 1, 2, 3, 4, 5, 6, 7, 23",2025-08-11T05:00:00Z,2025-08-11T13:00:00Z,9,18.885555555555555,18.92,18.34,19.22,9,88.33333333333333,88.1,83.1,92.6,9,17.469931621913144,17.475346458387875,16.726761412652444,18.20905762520634,sufficient
2025-08-11,9,"0, 1, 2, 3, 4, 5, 6, 7, 23",2025-08-12T05:00:00Z,2025-08-12T13:00:00Z,9,18.48,18.32,17.67,19.25,9,89.23333333333333,89.9,82.7,93,9,17.17844696868396,17.055160967299383,16.427322561146408,18.018781199034496,sufficient
2025-08-12,9,"0, 1, 2, 3, 4, 5, 6, 7, 23",2025-08-13T05:00:00Z,2025-08-13T13:00:00Z,9,20.147777777777776,20.11,19.51,20.9,9,84.33333333333333,84.3,81.6,88.3,9,18.210035968121847,18.116376805814596,17.72236520792369,18.937210403639387,sufficient
2025-08-13,9,"0, 1, 2, 3, 4, 5, 6, 7, 23",2025-08-14T05:00:00Z,2025-08-14T13:00:00Z,9,20.133333333333333,20.28,19.02,20.7,9,83.03333333333333,83.2,80,86.9,9,18.03259754088713,18.182105063636985,17.427501349508635,18.337805194488947,sufficient
2025-08-14,9,"0, 1, 2, 3, 4, 5, 6, 7, 23",2025-08-15T05:00:00Z,2025-08-15T13:00:00Z,9,18.82777777777778,18.86,18.24,20.09,9,75.14111111111112,75.87,66.13,79.73,9,15.809684103795792,15.807275848601815,14.936815595212387,16.43951975593444,sufficient
2025-08-15,9,"0, 1, 2, 3, 4, 5, 6, 7, 23",2025-08-16T05:00:00Z,2025-08-16T13:00:00Z,9,18.183333333333334,17.93,17.05,19.86,9,88.64444444444445,89.1,80.6,92.1,9,16.81578340014939,16.69990021110399,15.641820188848403,18.248681557806925,sufficient
2025-08-16,9,"0, 1, 2, 3, 4, 5, 6, 7, 23",2025-08-17T05:00:00Z,2025-08-17T13:00:00Z,9,18.754444444444445,18.57,18.12,20.15,9,87.28999999999999,88.7,76.71,91.1,9,17.209908224402188,17.262439954034594,16.70854464710109,17.522936301919984,sufficient
2025-08-17,9,"0, 1, 2, 3, 4, 5, 6, 7, 23",2025-08-18T05:00:00Z,2025-08-18T13:00:00Z,9,18.67888888888889,18.57,18.03,19.53,9,90.64444444444445,92.4,83.2,94.9,9,17.545269793747707,17.64728753332912,16.738963367069147,18.15733098694601,sufficient
2025-08-18,9,"0, 1, 2, 3, 4, 5, 6, 7, 23",2025-08-19T05:00:00Z,2025-08-19T13:00:00Z,9,19.801111111111112,19.62,19.12,20.86,9,89.17222222222222,90,78.45,96.7,9,18.46902495505211,18.284717482186466,17.717689223573434,19.570426406492583,sufficient
2025-08-19,9,"0, 1, 2, 3, 4, 5, 6, 7, 23",2025-08-20T05:00:00Z,2025-08-20T13:00:00Z,9,19.12,19.18,18.05,20.05,9,90.44444444444444,90.2,81.9,97.6,9,17.955887947324822,17.813573260758883,16.872877035294643,19.10090075015845,sufficient
2025-08-20,9,"0, 1, 2, 3, 4, 5, 6, 7, 23",2025-08-21T05:00:00Z,2025-08-21T13:00:00Z,9,19.63,19.9,18.7,20.26,9,88.36666666666666,88.1,81.3,93.2,9,18.204864864684257,18.325397920995062,17.044978285380584,19.33717984889284,sufficient
2025-08-21,9,"0, 1, 2, 3, 4, 5, 6, 7, 23",2025-08-22T05:00:00Z,2025-08-22T13:00:00Z,9,19.20111111111111,19.36,17.41,20.64,9,81.90777777777778,83.4,71.02,86.4,9,16.98642904245102,16.987578257980346,15.782985825933967,18.050179005633858,sufficient
2025-08-22,9,"0, 1, 2, 3, 4, 5, 6, 7, 23",2025-08-23T05:00:00Z,2025-08-23T13:00:00Z,9,19.54111111111111,19.58,18.7,20.21,9,87.68888888888888,88.7,83.9,89.1,9,18.032540778000012,17.911471372314324,17.344218690290386,18.69569365730454,sufficient
2025-08-23,9,"0, 1, 2, 3, 4, 5, 6, 7, 23",2025-08-24T05:00:00Z,2025-08-24T13:00:00Z,9,19.047777777777778,19,18.21,19.96,9,92.07777777777778,93.3,87.6,94,9,18.08406933490229,17.958876103090226,17.344218690290386,18.928483968768052,sufficient
2025-08-24,9,"0, 1, 2, 3, 4, 5, 6, 7, 23",2025-08-25T05:00:00Z,2025-08-25T13:00:00Z,9,18.74,18.78,17.65,19.54,9,87.57777777777778,88.3,82.5,89.8,9,17.234172692909514,17.363861981369606,16.419481375762793,17.87857624775295,sufficient
2025-08-25,9,"0, 1, 2, 3, 4, 5, 6, 7, 23",2025-08-26T05:00:00Z,2025-08-26T13:00:00Z,9,19.921111111111113,19.54,18.65,21.32,9,83.05555555555556,83.7,78.72,86.2,9,17.82679453165578,17.54269029967163,16.860670125625475,19.013650400785515,sufficient
2025-08-26,9,"0, 1, 2, 3, 4, 5, 6, 7, 23",2025-08-27T05:00:00Z,2025-08-27T13:00:00Z,9,18.801111111111112,18.38,17.82,20.62,9,88.67777777777778,88.9,81.6,92.2,9,17.422602494799467,17.372716173453302,16.8469157936429,18.325908042687534,sufficient
2025-08-27,9,"0, 1, 2, 3, 4, 5, 6, 7, 23",2025-08-28T05:00:00Z,2025-08-28T13:00:00Z,9,19.513333333333332,19.58,18.87,19.97,9,91.54444444444445,92,88.5,95.4,9,18.479826564939927,18.35811905245168,17.875065431264336,19.249675021355667,sufficient
2025-08-28,9,"0, 1, 2, 3, 4, 5, 6, 7, 23",2025-08-29T05:00:00Z,2025-08-29T13:00:00Z,9,19.174444444444443,19.1,18.76,19.64,9,87.91111111111111,85.7,83,94,9,17.703033080891764,17.534844930837508,16.955653714400306,18.80823222757701,sufficient
2025-08-29,9,"0, 1, 2, 3, 4, 5, 6, 7, 23",2025-08-30T05:00:00Z,2025-08-30T13:00:00Z,9,19.13,19.54,17.78,19.86,9,87.43333333333334,86.1,82.7,91.6,9,17.596166725623736,17.708246497003817,16.773106345490493,18.149782935746448,sufficient
2025-08-30,9,"0, 1, 2, 3, 4, 5, 6, 7, 23",2025-08-31T05:00:00Z,2025-08-31T13:00:00Z,9,18.68111111111111,18.4,17.98,20.15,9,88.46666666666667,89.3,85.3,90.4,9,17.28277125375629,17.133668448677284,16.74429797601929,18.333231424810034,sufficient
2025-08-31,9,"0, 1, 2, 3, 4, 5, 6, 7, 23",2025-09-01T05:00:00Z,2025-09-01T13:00:00Z,9,19.586666666666666,19.61,18.75,20.44,9,83.53111111111112,84.1,78.68,86.5,9,17.56552653021001,17.441624657538412,17.066822645971985,18.477959961435293,sufficient
2025-09-01,9,"0, 1, 2, 3, 4, 5, 6, 7, 23",2025-09-02T05:00:00Z,2025-09-02T13:00:00Z,9,19.66111111111111,19.63,19.11,20.11,9,86.51111111111112,86.2,84.4,90.5,9,18.005398264824095,17.95402339858133,17.87151780804066,18.418541240928622,sufficient
2025-09-02,9,"0, 1, 2, 3, 4, 5, 6, 7, 23",2025-09-03T05:00:00Z,2025-09-03T13:00:00Z,9,20.023333333333333,20,19.3,20.87,9,86.76666666666667,86.4,82.3,89.4,9,18.39009575766787,18.594244494638257,17.80608522243137,18.82288471237511,sufficient
2025-09-03,9,"0, 1, 2, 3, 4, 5, 6, 7, 23",2025-09-04T05:00:00Z,2025-09-04T13:00:00Z,9,18.61111111111111,18.5,18.21,19.63,9,88.35555555555555,86.9,85.7,94.3,9,17.202085587541767,17.13217353554808,16.777033635100224,17.87615779630984,sufficient
2025-09-04,9,"0, 1, 2, 3, 4, 5, 6, 7, 23",2025-09-05T05:00:00Z,2025-09-05T13:00:00Z,9,19.535555555555554,19.53,18.58,20.31,9,91.64222222222222,94,78.88,95.5,9,18.511674356400277,18.798290839373248,17.39459403399804,19.441579328414615,sufficient
2025-09-05,9,"0, 1, 2, 3, 4, 5, 6, 7, 23",2025-09-06T05:00:00Z,2025-09-06T13:00:00Z,9,18.858888888888888,18.75,18.52,19.64,9,87.78888888888889,86.4,83.3,93.2,9,17.37608330860263,17.31789733931294,16.9738679798356,17.966697288097006,sufficient
2025-09-06,9,"0, 1, 2, 3, 4, 5, 6, 7, 23",2025-09-07T05:00:00Z,2025-09-07T13:00:00Z,9,18.502222222222223,18.42,17.81,19.48,9,87.75333333333333,87.6,77.78,96.5,9,17.022093749149708,16.885857284056577,15.971867419551511,17.956195690225748,sufficient
2025-09-07,9,"0, 1, 2, 3, 4, 5, 6, 7, 23",2025-09-08T05:00:00Z,2025-09-08T13:00:00Z,9,18.555555555555557,18.55,18.21,18.93,9,96.32222222222222,96.9,92.7,97.5,9,18.1102963598222,18.064070342436413,17.654091968813862,18.627792632571843,sufficient
2025-09-08,9,"0, 1, 2, 3, 4, 5, 6, 7, 23",2025-09-09T05:00:00Z,2025-09-09T13:00:00Z,9,18.587777777777777,18.2,17.91,19.49,9,92.38888888888889,92,85.7,96.6,9,17.668865992654503,17.46680294124831,16.746816848898625,19.078093633093832,sufficient
2025-09-09,9,"0, 1, 2, 3, 4, 5, 6, 7, 23",2025-09-10T05:00:00Z,2025-09-10T13:00:00Z,9,19.50888888888889,19.63,18.29,20.85,9,85.46666666666667,86.2,80.7,88.4,9,17.726016804301764,17.60987273138199,16.63000523381317,18.6993028130907,sufficient
2025-09-10,9,"0, 1, 2, 3, 4, 5, 6, 7, 23",2025-09-11T05:00:00Z,2025-09-11T13:00:00Z,9,19.423333333333332,19.34,18.24,20.99,9,85.82222222222222,86.3,80.6,88.8,9,17.686460581070488,17.691391616909076,16.533351265135973,18.584483204171544,sufficient
2025-09-11,9,"0, 1, 2, 3, 4, 5, 6, 7, 23",2025-09-12T05:00:00Z,2025-09-12T13:00:00Z,9,19.961111111111112,19.83,19.23,21.25,9,85.13888888888889,85.8,77.95,87,9,18.12610281556806,18.10815783046206,17.60837994392922,18.701069910630267,sufficient
2025-09-12,9,"0, 1, 2, 3, 4, 5, 6, 7, 23",2025-09-13T05:00:00Z,2025-09-13T13:00:00Z,9,18.82,18.54,18.27,20.1,9,88.26666666666667,89.7,80,92.6,9,17.390844856738536,17.414064557356166,17.049428562806657,17.712458575181834,sufficient
2025-09-13,9,"0, 1, 2, 3, 4, 5, 6, 7, 23",2025-09-14T05:00:00Z,2025-09-14T13:00:00Z,9,18.78,18.64,18.04,20.29,9,89.96888888888888,91.8,79.22,94.9,9,17.559811666220526,17.45961636204844,16.95217792410863,18.29025291524815,sufficient
2025-09-14,9,"0, 1, 2, 3, 4, 5, 6, 7, 23",2025-09-15T05:00:00Z,2025-09-15T13:00:00Z,9,19.112222222222222,19.05,18.36,20.22,9,90.25555555555556,91.8,81.7,95,9,17.922081551072548,17.97471036950247,17.370591527358602,18.51455810611416,sufficient
2025-09-15,2,"0, 23",2025-09-16T05:00:00Z,2025-09-16T06:00:00Z,2,19.615000000000002,19.615000000000002,19.29,19.94,2,90,90,88.5,91.5,2,18.389393449453188,18.389393449453188,18.25382158682102,18.52496531208536,insufficient
